type,circuit,level,name,comment,qq,zz,pbsb,id,*name,part,type,divisor/values,unit,comment
*r,
*w,
r,,,ContinuosHeating,continuos heating,,,b524,020000000200,value,,IGN:4,,,,value,,EXP,,°C,"-26=off, when the outside temperature falls below this threshold temperature the continuous heating function is started (off <=> function is disabled)"
w,,,ContinuosHeating,continuos heating,,,b524,020100000200,value,,EXP,,°C,"-26=off, when the outside temperature falls below this threshold temperature the continuous heating function is started (off <=> function is disabled)"
r,,,FrostOverRideTime,frost delay time,,,b524,020000000300,value,,IGN:4,,,,value,,UIN,,h,delay before frost protection is activated
w,,,FrostOverRideTime,frost delay time,,,b524,020100000300,value,,UIN,,h,delay before frost protection is activated
r,,,ManualCooling,Manual cooling,,,b524,020000000600,value,,IGN:4,,,,value,,UIN,,,"number of days of manual cooling (max. 99, 0=off, set temp via z1CoolingTemp)"
w,,,ManualCooling,Manual cooling,,,b524,020100000600,value,,UIN,,,"number of days of manual cooling (max. 99, 0=off, set temp via z1CoolingTemp)"
r,,,GlobalSystemOff,Global System OFF,,,b524,020000000700,value,,IGN:4,,,,value,,UCH,0=no;1=yes,,For switching system off
w,,install,GlobalSystemOff,Global System OFF,,,b524,020100000700,value,,UCH,0=no;1=yes,,For switching system off
r,,,HwcParallelLoading,hwc parallel loading,,,b524,020000000a00,value,,IGN:4,,,,value,,UCH,0=off;1=on,,heating and hot water parallel
w,,,HwcParallelLoading,hwc parallel loading,,,b524,020100000a00,value,,UCH,0=off;1=on,,heating and hot water parallel
r,,,MaxRoomHumidity,max room humidity,,,b524,020000000e00,value,,IGN:4,,,,value,,UIN,,,maximum room humidity
w,,,MaxRoomHumidity,max room humidity,,,b524,020100000e00,value,,UIN,,,maximum room humidity
r,,,AdaptHeatCurve,adaptive heat curve,,,b524,020000001400,value,,IGN:4,,,,value,,UCH,0=no;1=yes,,automatic correction of configured heat curve
w,,,AdaptHeatCurve,adaptive heat curve,,,b524,020100001400,value,,UCH,0=no;1=yes,,automatic correction of configured heat curve
r,,,MaxCylinderChargeTime,maximale Speicherladezeit,,,b524,020000001700,value,,IGN:4,,,,value,,UIN,,min,maximum cylinder charging time
w,,,MaxCylinderChargeTime,maximale Speicherladezeit,,,b524,020100001700,value,,UIN,,min,maximum cylinder charging time
r,,,HwcLockTime,hwc lock time,,,b524,020000001800,value,,IGN:4,,,,value,,UIN,,min,Sperrzeit WW-Bedarf
w,,,HwcLockTime,hwc lock time,,,b524,020100001800,value,,UIN,,min,Sperrzeit WW-Bedarf
r,,,PumpAdditionalTime,pump additional time,,,b524,020000001b00,value,,IGN:4,,,,value,,UIN,,min,Ladepumpe Nachlaufzeit
w,,,PumpAdditionalTime,pump additional time,,,b524,020100001b00,value,,UIN,,min,Ladepumpe Nachlaufzeit
r,,,CylinderChargeHyst,hysteresis cylinder charge,,,b524,020000002700,value,,IGN:4,,,,value,,EXP,,K,Hysterese Speicherladung
w,,,CylinderChargeHyst,hysteresis cylinder charge,,,b524,020100002700,value,,EXP,,K,Hysterese Speicherladung
r,,,CylinderChargeOffset,offset cylinder charge,,,b524,020000002900,value,,IGN:4,,,,value,,EXP,,K,Speicherlad. Offset
w,,,CylinderChargeOffset,offset cylinder charge,,,b524,020100002900,value,,EXP,,K,Speicherlad. Offset
r,,,MaintenanceDate,next maintenance,,,b524,020000002c00,value,,IGN:4,,,,value,,HDA:3,,,Datum nächste Wartung
w,,,MaintenanceDate,next maintenance,,,b524,020100002c00,value,,HDA:3,,,Datum nächste Wartung
r,,,Date,date,,,b524,020000003400,value,,IGN:4,,,,value,,HDA:3,,,Aktuelles Datum
w,,,Date,date,,,b524,020100003400,value,,HDA:3,,,Aktuelles Datum
r,,,Time,time,,,b524,020000003500,value,,IGN:4,,,,value,,HTI,,,Aktuelle Uhrzeit
w,,,Time,time,,,b524,020100003500,value,,HTI,,,Aktuelle Uhrzeit
r,,,HydraulicScheme,Systemschema,,,b524,020000003600,value,,IGN:4,,,,value,,UIN,,,Systemschema
w,,,HydraulicScheme,Systemschema,,,b524,020100003600,value,,UIN,,,Systemschema
r,,,WaterPressure,water pressure,,,b524,020000003900,value,,IGN:4,,,,value,,EXP,,bar,Wasserdruck
r,,,YieldTotal,total environmental yield,,,b524,020000003e00,value,,IGN:4,,,,value,,ULG,,kWh,Umweltertrag gesamt
w,,,YieldTotal,total environmental yield,,,b524,020100003e00,value,,ULG,,kWh,Umweltertrag gesamt
r,,,VentilationDay,day ventilation speed,,,b524,020000004200,value,,IGN:4,,,,value,,UIN,,,Ventilation speed during day
w,,,VentilationDay,day ventilation speed,,,b524,020100004200,value,,UIN,,,Ventilation speed during day
r,,,VentilationNight,night ventilation,,,b524,020000004300,value,,IGN:4,,,,value,,UIN,,,Ventilation speed during night
w,,,VentilationNight,night ventilation,,,b524,020100004300,value,,UIN,,,Ventilation speed during night
r,,,HwcMaxFlowTempDesired,hwc max flow temp desired,,,b524,020000004600,value,,IGN:4,,,,value,,EXP,,°C,maximum flow temperature setpoint of Hwc
w,,,HwcMaxFlowTempDesired,hwc max flow temp desired,,,b524,020100004600,value,,EXP,,°C,maximum flow temperature setpoint of Hwc
r,,,MultiRelaySetting,multifunction relay setting,,,b524,020000004d00,value,,IGN:4,,,,value,,UIN,0=circulation;1=dryer;2=zone;3=legiopump,,
w,,,MultiRelaySetting,multifunction relay setting,,,b524,020100004d00,value,,UIN,0=circulation;1=dryer;2=zone;3=legiopump,,
r,,,PrEnergySumHcThisMonth,this months energy consumption heating,,,b524,020000004f00,value,,IGN:4,,,,value,,ULG,,kWh,Aktueller Monat Stromverbrauch Heizung
w,,,PrEnergySumHcThisMonth,this months energy consumption heating,,,b524,020100004f00,value,,ULG,,kWh,Aktueller Monat Stromverbrauch Heizung
r,,,PrEnergySumHwcThisMonth,this months energy consumption hot water,,,b524,020000005000,value,,IGN:4,,,,value,,ULG,,kWh,Aktueller Monat Stromverbrauch hot water
w,,,PrEnergySumHwcThisMonth,this months energy consumption hot water,,,b524,020100005000,value,,ULG,,kWh,Aktueller Monat Stromverbrauch hot water
r,,,PrEnergySumHcLastMonth,last months energy consumption heating,,,b524,020000005300,value,,IGN:4,,,,value,,ULG,,kWh,Letzter Monat Stromverbrauch Heizung
w,,,PrEnergySumHcLastMonth,last months energy consumption heating,,,b524,020100005300,value,,ULG,,kWh,Letzter Monat Stromverbrauch Heizung
r,,,PrEnergySumHwcLastMonth,last months energy consumption hot water,,,b524,020000005400,value,,IGN:4,,,,value,,ULG,,kWh,Letzter Monat Stromverbrauch hot water
w,,,PrEnergySumHwcLastMonth,last months energy consumption hot water,,,b524,020100005400,value,,ULG,,kWh,Letzter Monat Stromverbrauch hot water
r,,,PrEnergySumHc,total energy consumption heating,,,b524,020000005700,value,,IGN:4,,,,value,,ULG,,kWh,Stromverbrauch Heizung gesamt
w,,,PrEnergySumHc,total energy consumption heating,,,b524,020100005700,value,,ULG,,kWh,Stromverbrauch Heizung gesamt
r,,,PrEnergySumHwc,total energy consumption hot water,,,b524,020000005800,value,,IGN:4,,,,value,,ULG,,kWh,Stromverbrauch hot water gesamt
w,,,PrEnergySumHwc,total energy consumption hot water,,,b524,020100005800,value,,ULG,,kWh,Stromverbrauch hot water gesamt
r,,,PrEnergySum,total energy consumption,,,b524,020000005c00,value,,IGN:4,,,,value,,ULG,,kWh,Dieses Jahr Stromverbrauch gesamt
w,,,PrEnergySum,total energy consumption,,,b524,020100005c00,value,,ULG,,kWh,Dieses Jahr Stromverbrauch gesamt
r,,,OpModeEffect,OpModeEffect,,,b524,020000006900,value,,IGN:4,,,,value,,UIN,0=alle;1=1;2=2;3=3;4=4;5=5;6=6,,selection which heating circuit is affected by changing parameters in the basic display
w,,,OpModeEffect,OpModeEffect,,,b524,020100006900,value,,UIN,0=alle;1=1;2=2;3=3;4=4;5=5;6=6,,selection which heating circuit is affected by changing parameters in the basic display
r,,,DisplayedOutsideTemp,outside temperature,,,b524,020000007300,value,,IGN:4,,,,value,,EXP,,°C,Außentemperatur
r,,,SFMode,SF mode,,,b524,020000007400,value,,IGN:4,,,,value,,UCH,0=auto;1=ventilation;2=party;3=veto;4=onedayaway;5=onedayathome;6=load,,
w,,,SFMode,SF mode,,,b524,020100007400,value,,UCH,0=auto;1=ventilation;2=party;3=veto;4=onedayaway;5=onedayathome;6=load,,
r,,,KeyCodeforConfigMenu,code for installer menu,,,b524,020000007600,value,,IGN:4,,,,value,,UIN,,,000-999; code for the installer's menues
w,,,KeyCodeforConfigMenu,code for installer menu,,,b524,020100007600,value,,UIN,,,000-999; code for the installer's menues
r,,,OpMode,Operation mode,,,b524,020000007b00,value,,IGN:4,,,,value,,UIN,0=off;1=auto;2=day;3=night,,operation mode of all/configured zone(s) matching OpModeEffect
w,,,OpMode,Operation mode,,,b524,020100007b00,value,,UIN,0=off;1=auto;2=day;3=night,,operation mode of all/configured zone(s) matching OpModeEffect
r,,,OpModeCooling,operation mode for cooling,,,b524,020000007c00,value,,IGN:4,,,,value,,UIN,0=off;1=auto;2=day;3=night,,operation mode for cooling of all/configured zone(s)
w,,,OpModeCooling,operation mode for cooling,,,b524,020100007c00,value,,UIN,0=off;1=auto;2=day;3=night,,operation mode for cooling of all/configured zone(s)
r,,,OpModeVentilation,operation mode for ventilation,,,b524,020000001600,value,,IGN:4,,,,value,,UIN,0=off;1=auto;2=day;3=night,,operation mode for ventilation of all/configured zone(s)
w,,,OpModeVentilation,operation mode for ventilation,,,b524,020100001600,value,,UIN,0=off;1=auto;2=day;3=night,,operation mode for ventilation of all/configured zone(s)
r,,,HolidayTemp,holiday temperature,,,b524,020000008200,value,,IGN:4,,,,value,,EXP,,°C,holiday setpoint
w,,,HolidayTemp,holiday temperature,,,b524,020100008200,value,,EXP,,°C,holiday setpoint
r,,,OutsideTempAvg,average outside temperature,,,b524,020000009500,value,,IGN:4,,,,value,,EXP,,°C,gerundete mittlere Außentemperatur (alle 3h aktualisiert)
w,,,OutsideTempAvg,average outside temperature,,,b524,020100009500,value,,EXP,,°C,gerundete mittlere Außentemperatur (alle 3h aktualisiert)
r,,,MaintenanceDue,maintenance due,,,b524,020000009600,value,,IGN:4,,,,value,,UCH,0=no;1=yes,,zeigt an ob die Wartung fällig ist
r,,,HwcStorageTempTop,hwc storage temperature top,,,b524,020000009d00,value,,IGN:4,,,,value,,EXP,,°C,"Temp.fühler WW, oben"
r,,,HwcStorageTempBottom,storage temperature bottom,,,b524,020000009e00,value,,IGN:4,,,,value,,EXP,,°C,"Temp.fühler WW, unten"
r,,,HcStorageTempTop,hc storage temperature top,,,b524,020000009f00,value,,IGN:4,,,,value,,EXP,,°C,"Temp.fühler Hz, oben"
r,,,HcStorageTempBottom,hc storage temperature bottom,,,b524,02000000a000,value,,IGN:4,,,,value,,EXP,,°C,"Temp.fühler Hz, unten"
r,,,HwcOpMode,hwc operation mode,,,b524,020001000300,value,,IGN:4,,,,value,,UIN,0=off;1=auto;2=day;3=night,,operation mode of Hwc
w,,,HwcOpMode,hwc operation mode,,,b524,020101000300,value,,UIN,0=off;1=auto;2=day;3=night,,operation mode of Hwc
r,,,HwcTempDesired,hwc temperature desired,,,b524,020001000400,value,,IGN:4,,,,value,,EXP,,°C,setpoint of domestic hot water circuit
w,,,HwcTempDesired,hwc temperature desired,,,b524,020101000400,value,,EXP,,°C,setpoint of domestic hot water circuit
r,,,HwcStorageTemp,hwc storage temperature,,,b524,020001000500,value,,IGN:4,,,,value,,EXP,,°C,Speicheristtemperatur
r,,,HwcFlowTemp,hwc flow temperature,,,b524,020001000800,value,,IGN:4,,,,value,,EXP,,°C,desired flow temp for Hwc
r,,,HwcSFMode,hwc SF mode,,,b524,020001000d00,value,,IGN:4,,,,value,,UCH,0=auto;1=ventilation;2=party;3=veto;4=onedayaway;5=onedayathome;6=load,,
w,,,HwcSFMode,hwc SF mode,,,b524,020101000d00,value,,UCH,0=auto;1=ventilation;2=party;3=veto;4=onedayaway;5=onedayathome;6=load,,
r,,,Hc1CircuitType,CircuitType heating circuit 1,,,b524,020002000200,value,,IGN:4,,,,mctype,,UCH,0=inactive;1=mixer;2=fixed;3=hwc;4=returnincr;5=pool,,mixer type,ign,,IGN:1,,,
r,,,Hc1ActualFlowTempDesired,ActualFlowTempDesired heating circuit 1,,,b524,020002000700,value,,IGN:4,,,,value,,EXP,,°C,current flow temperature setpoint of Hc1
r,,,Hc1FlowTemp,FlowTemp heating circuit 1,,,b524,020002000800,value,,IGN:4,,,,value,,EXP,,°C,current flow temperature of Hc1
r,,,Hc1ExcessTemp,ExcessTemp heating circuit 1,,,b524,020002000b00,value,,IGN:4,,,,value,,EXP,,K,excess temperature of Hc1 (flow temperature's setpoint is increased by this value to keep the mixing valve in its control range)
w,,,Hc1ExcessTemp,ExcessTemp heating circuit 1,,,b524,020102000b00,value,,EXP,,K,excess temperature of Hc1 (flow temperature's setpoint is increased by this value to keep the mixing valve in its control range)
r,,,Hc1AutoOffMode,AutoOffMode heating circuit 1,,,b524,020002000e00,value,,IGN:4,,,,value,,UIN,0=eco;1=night,,operation of Hc1 during the lowering time; no influence if room temperature modulation is set to thermostat
w,,,Hc1AutoOffMode,AutoOffMode heating circuit 1,,,b524,020102000e00,value,,UIN,0=eco;1=night,,operation of Hc1 during the lowering time; no influence if room temperature modulation is set to thermostat
r,,,Hc1HeatCurve,HeatCurve heating circuit 1,,,b524,020002000f00,value,,IGN:4,,,,value,,EXP,,,heating curve of Hc1
w,,,Hc1HeatCurve,HeatCurve heating circuit 1,,,b524,020102000f00,value,,EXP,,,heating curve of Hc1
r,,,Hc1MaxFlowTempDesired,MaxFlowTempDesired heating circuit 1,,,b524,020002001000,value,,IGN:4,,,,value,,EXP,,°C,maximum flow temperature setpoint (end emphasis) of Hc1
w,,,Hc1MaxFlowTempDesired,MaxFlowTempDesired heating circuit 1,,,b524,020102001000,value,,EXP,,°C,maximum flow temperature setpoint (end emphasis) of Hc1
r,,,Hc1MinFlowTempDesired,MinFlowTempDesired heating circuit 1,,,b524,020002001200,value,,IGN:4,,,,value,,EXP,,°C,minimum flow temperature setpoint (end emphasis) of Hc1
w,,,Hc1MinFlowTempDesired,MinFlowTempDesired heating circuit 1,,,b524,020102001200,value,,EXP,,°C,minimum flow temperature setpoint (end emphasis) of Hc1
r,,,Hc1SummerTempLimit,summer outside switchoff temperature heating circuit 1,,,b524,020002001400,value,,IGN:4,,,,value,,EXP,,°C,if outside temperature > summer limit => heating is OFF;applies to comfort and night setback setpoint
w,,,Hc1SummerTempLimit,summer outside switchoff temperature heating circuit 1,,,b524,020102001400,value,,EXP,,°C,if outside temperature > summer limit => heating is OFF;applies to comfort and night setback setpoint
r,,,Hc1RoomTempSwitchOn,RoomTempSwitchOn heating circuit 1,,,b524,020002001500,value,,IGN:4,,,,value,,UIN,0=off;1=modulating;2=thermostat,,room temperature modulation of Hc1
w,,,Hc1RoomTempSwitchOn,RoomTempSwitchOn heating circuit 1,,,b524,020102001500,value,,UIN,0=off;1=modulating;2=thermostat,,room temperature modulation of Hc1
r,,,Hc1MixerMovement,MixerMovement heating circuit 1,,,b524,020002001a00,value,,IGN:4,,,,value,,EXP,,,"status of mixer (<0 closing, >0 opening)"
r,,,Hc1HeatCurveAdaption,HeatCurveAdaption heating circuit 1,,,b524,020002001c00,value,,IGN:4,,,,value,,EXP,,,adaption applied to heating curve of Hc1
r,,,Hc1Status,Status heating circuit 1,,,b524,020002001b00,value,,IGN:4,,,,value,,UCH,,,status of zone 1
w,,,Hc1Status,Status heating circuit 1,,,b524,020102001b00,value,,UCH,,,status of zone 1
r,,,Hc1PumpStatus,PumpStatus heating circuit 1,,,b524,020002001e00,value,,IGN:4,,,,value,,UIN,,,pump status of zone 1
w,,,Hc1PumpStatus,PumpStatus heating circuit 1,,,b524,020102001e00,value,,UIN,,,pump status of zone 1
r,,,Z1OpModeCooling,cooling operation mode zone 1,,,b524,020003000100,value,,IGN:4,,,,value,,UIN,0=off;1=auto;2=day;3=night,,operation mode for cooling of zone 1
w,,,Z1OpModeCooling,cooling operation mode zone 1,,,b524,020103000100,value,,UIN,0=off;1=auto;2=day;3=night,,operation mode for cooling of zone 1
r,,,Z1CoolingTemp,cooling setpoint zone 1,,,b524,020003000200,value,,IGN:4,,,,value,,EXP,,°C,desired cooling setpoint for zone 1
w,,,Z1CoolingTemp,cooling setpoint zone 1,,,b524,020103000200,value,,EXP,,°C,desired cooling setpoint for zone 1
r,,,Z1HolidayStartPeriod,holiday period start zone 1,,,b524,020003000300,value,,IGN:4,,,,value,,HDA:3,,,start date of holidays for zone 1
w,,,Z1HolidayStartPeriod,holiday period start zone 1,,,b524,020103000300,value,,HDA:3,,,start date of holidays for zone 1
r,,,Z1HolidayEndPeriod,holiday period end zone 1,,,b524,020003000400,value,,IGN:4,,,,value,,HDA:3,,,end date of holidays for zone 1
w,,,Z1HolidayEndPeriod,holiday period end zone 1,,,b524,020103000400,value,,HDA:3,,,end date of holidays for zone 1
r,,,Z1HolidayTemp,room setpoint holiday period zone 1,,,b524,020003000500,value,,IGN:4,,,,value,,EXP,,°C,holiday setpoint for zone 1
w,,,Z1HolidayTemp,room setpoint holiday period zone 1,,,b524,020103000500,value,,EXP,,°C,holiday setpoint for zone 1
r,,,Z1OpMode,operation mode zone 1,,,b524,020003000600,value,,IGN:4,,,,value,,UIN,0=off;1=auto;2=day;3=night,,operation mode of zone 1
w,,,Z1OpMode,operation mode zone 1,,,b524,020103000600,value,,UIN,0=off;1=auto;2=day;3=night,,operation mode of zone 1
r,,,Z1DayTemp,desired temperature zone 1,,,b524,020003000700,value,,IGN:4,,,,value,,EXP,,°C,day setpoint for zone 1
w,,,Z1DayTemp,desired temperature zone 1,,,b524,020103000700,value,,EXP,,°C,day setpoint for zone 1
r,,,Z1QuickVetoTemp,quick veto temperature zone 1,,,b524,020003000800,value,,IGN:4,,,,value,,EXP,,°C,manual override setpoint for zone 1
w,,,Z1QuickVetoTemp,quick veto temperature zone 1,,,b524,020103000800,value,,EXP,,°C,manual override setpoint for zone 1
r,,,Z1NightTemp,night temperature zone 1,,,b524,020003000900,value,,IGN:4,,,,value,,EXP,,°C,night setpoint for zone 1
w,,,Z1NightTemp,night temperature zone 1,,,b524,020103000900,value,,EXP,,°C,night setpoint for zone 1
r,,,Z1SFMode,SF mode zone 1,,,b524,020003000e00,value,,IGN:4,,,,value,,UCH,0=auto;1=ventilation;2=party;3=veto;4=onedayaway;5=onedayathome;6=load,,
w,,,Z1SFMode,SF mode zone 1,,,b524,020103000e00,value,,UCH,0=auto;1=ventilation;2=party;3=veto;4=onedayaway;5=onedayathome;6=load,,
r,,,Z1RoomTemp,room temperature zone 1,,,b524,020003000f00,value,,IGN:4,,,,value,,EXP,,°C,current room temperature in zone 1
r,,,Z1ValveStatus,valve status zone 1,,,b524,020003001200,value,,IGN:4,,,,value,,UCH,,,valve status of zone 1
w,,,Z1ValveStatus,valve status zone 1,,,b524,020103001200,value,,UCH,,,valve status of zone 1
r,,,Z1RoomZoneMapping,room zone mapping zone 1,,,b524,020003001300,value,,IGN:4,,,,value,,UIN,0=none;1=VRC700;2=VR91_1;3=VR91_2;4=VR91_3,,configures which room temperature is assigned to zone 1
w,,,Z1RoomZoneMapping,room zone mapping zone 1,,,b524,020103001300,value,,UIN,0=none;1=VRC700;2=VR91_1;3=VR91_2;4=VR91_3,,configures which room temperature is assigned to zone 1
r,,,Z1ActualRoomTempDesired,room temperature desired zone 1,,,b524,020003001400,value,,IGN:4,,,,value,,EXP,,°C,current room setpoint considering all basic conditions passed to the control algorithms
w,,,Z1ActualRoomTempDesired,room temperature desired zone 1,,,b524,020103001400,value,,EXP,,°C,current room setpoint considering all basic conditions passed to the control algorithms
r,,,Currenterror,Current errors,,,b503,0001,error,,UIN,,,error number,error_1,,UIN,,,error number,error_2,,UIN,,,error number,error_3,,UIN,,,error number,error_4,,UIN,,,error number
r,,,Errorhistory,Error_History,,,b503,0101,index,m,UCH,,,,status,,UCH,,,Status,time,,VTM,,,time,date,,HDA:3,,,date,error,,UIN,,,error number
w,,install,Clearerrorhistory,Clear error history,,,b503,0201,cleared,s,UCH,0=no;1=yes,,
